{
   "loss": [
      7.882375717163086,
      5.283048629760742,
      4.405837535858154,
      4.144738674163818,
      3.971113443374634,
      3.7152061462402344,
      3.18845796585083,
      2.665978193283081,
      2.45969295501709,
      2.366490602493286
   ],
   "accuracy": [
      0.32119253277778625,
      0.32772988080978394,
      0.3306393623352051,
      0.34263649582862854,
      0.38024425506591797,
      0.44184625148773193,
      0.5080100297927856,
      0.5774065852165222,
      0.6528017520904541,
      0.6743534207344055
   ],
   "val_loss": [
      7.175704002380371,
      4.793041229248047,
      4.285297870635986,
      4.105813980102539,
      3.908080577850342,
      3.5378596782684326,
      2.868346929550171,
      2.5341970920562744,
      2.4601237773895264,
      2.4291913509368896
   ],
   "val_accuracy": [
      0.33089080452919006,
      0.33089080452919006,
      0.33089080452919006,
      0.33089080452919006,
      0.33089080452919006,
      0.45589080452919006,
      0.45589080452919006,
      0.6772988438606262,
      0.6811781525611877,
      0.6873562932014465
   ],
   "epochs": 10,
   "df_length": 4350,
   "percentage_true_neg": 21.4,
   "batch_size": 300,
   "prediction": "author ' <PAD> <PAD> ' <PAD> <PAD> <PAD>"
}