{
   "loss": [
      7.918456077575684,
      5.468784332275391,
      4.426109790802002,
      4.1639862060546875,
      3.978184938430786,
      3.7362093925476074,
      3.249772071838379,
      2.700631856918335,
      2.4684603214263916,
      2.349317789077759,
      2.273711681365967,
      2.2176198959350586,
      2.1699881553649902,
      2.142608880996704,
      2.109055995941162,
      2.0852322578430176,
      2.065321445465088,
      2.0465354919433594,
      2.024017810821533,
      2.0165021419525146,
      2.0024967193603516,
      1.9876171350479126,
      1.9768437147140503,
      1.9687118530273438,
      1.9621453285217285,
      1.9497606754302979,
      1.9445950984954834,
      1.9337818622589111,
      1.9276615381240845,
      1.922420620918274
   ],
   "accuracy": [
      0.2951867878437042,
      0.32855603098869324,
      0.3269396424293518,
      0.33692529797554016,
      0.38333332538604736,
      0.42302441596984863,
      0.5023347735404968,
      0.5458333492279053,
      0.6395114660263062,
      0.6749281883239746,
      0.6840158104896545,
      0.6888649463653564,
      0.6921336054801941,
      0.693642258644104,
      0.6936063170433044,
      0.6950790286064148,
      0.6961206793785095,
      0.6954023241996765,
      0.6968031525611877,
      0.6986350417137146,
      0.6987428069114685,
      0.699604868888855,
      0.700502872467041,
      0.6993175148963928,
      0.7002155184745789,
      0.7022629380226135,
      0.7020474076271057,
      0.70362788438797,
      0.7043103575706482,
      0.7038792967796326
   ],
   "val_loss": [
      7.38817834854126,
      4.721359729766846,
      4.253053665161133,
      4.086447715759277,
      3.9155924320220947,
      3.5802841186523438,
      2.9071879386901855,
      2.5415563583374023,
      2.443632125854492,
      2.406888246536255,
      2.359309434890747,
      2.3289730548858643,
      2.3210506439208984,
      2.3268556594848633,
      2.3244388103485107,
      2.327320098876953,
      2.339599847793579,
      2.3519721031188965,
      2.371544361114502,
      2.3840572834014893,
      2.4034500122070312,
      2.4171838760375977,
      2.436617612838745,
      2.458902597427368,
      2.4711356163024902,
      2.4830360412597656,
      2.4993298053741455,
      2.518848180770874,
      2.534227132797241,
      2.5484931468963623
   ],
   "val_accuracy": [
      0.33089080452919006,
      0.45589080452919006,
      0.33089080452919006,
      0.33089080452919006,
      0.33089080452919006,
      0.5808908343315125,
      0.45589080452919006,
      0.6734195351600647,
      0.682758629322052,
      0.6839080452919006,
      0.6918103694915771,
      0.6935344934463501,
      0.6942528486251831,
      0.6897988319396973,
      0.6908046007156372,
      0.6876437067985535,
      0.6906608939170837,
      0.6899425387382507,
      0.693965494632721,
      0.6895114779472351,
      0.6908046007156372,
      0.6912356615066528,
      0.6909482479095459,
      0.6890804767608643,
      0.6890804767608643,
      0.6864942312240601,
      0.685775876045227,
      0.6867815852165222,
      0.6840517520904541,
      0.6826149225234985
   ],
   "epochs": 30,
   "df_length": 4350,
   "percentage_true_neg": 21.4,
   "batch_size": 300,
   "prediction": "author ' ms o ' <PAD> <PAD> <PAD>"
}