{
   "loss": [
      7.934121131896973,
      5.568561553955078,
      4.492425918579102,
      4.186152935028076,
      3.9635119438171387,
      3.6247057914733887,
      3.044153928756714,
      2.6463558673858643,
      2.4544503688812256,
      2.361557722091675,
      2.29528546333313,
      2.2399845123291016,
      2.1968276500701904,
      2.157475233078003,
      2.1236376762390137
   ],
   "accuracy": [
      0.30402299761772156,
      0.3454382121562958,
      0.343498557806015,
      0.3767959773540497,
      0.43509340286254883,
      0.48516523838043213,
      0.5188936591148376,
      0.5878232717514038,
      0.6606680750846863,
      0.6765445470809937,
      0.6830100417137146,
      0.6859554648399353,
      0.6895474195480347,
      0.6925287246704102,
      0.6932471394538879
   ],
   "val_loss": [
      7.477666854858398,
      4.833560466766357,
      4.28007173538208,
      4.105241298675537,
      3.845726490020752,
      3.359701156616211,
      2.801748275756836,
      2.532193899154663,
      2.4455599784851074,
      2.4175539016723633,
      2.373974084854126,
      2.346038579940796,
      2.3273308277130127,
      2.3201284408569336,
      2.3173933029174805
   ],
   "val_accuracy": [
      0.33089080452919006,
      0.33089080452919006,
      0.33089080452919006,
      0.45589080452919006,
      0.45589080452919006,
      0.5808908343315125,
      0.5808908343315125,
      0.6583333611488342,
      0.6814655065536499,
      0.6833333373069763,
      0.6862068772315979,
      0.692241370677948,
      0.6906608939170837,
      0.6870689392089844,
      0.6882184147834778
   ],
   "epochs": 15,
   "df_length": 4350,
   "percentage_true_neg": 21.4,
   "batch_size": 300,
   "prediction": "author ' mrs <PAD> ' <PAD> <PAD> <PAD>"
}