{
   "loss": [
      7.88632869720459,
      5.279304027557373,
      4.436307430267334,
      4.172072887420654,
      3.989388942718506,
      3.7583632469177246
   ],
   "accuracy": [
      0.29586926102638245,
      0.33164510130882263,
      0.3359195291996002,
      0.3475574851036072,
      0.388002872467041,
      0.43509340286254883
   ],
   "val_loss": [
      7.181885719299316,
      4.817592620849609,
      4.287039756774902,
      4.121399879455566,
      3.920928716659546,
      3.6168417930603027
   ],
   "val_accuracy": [
      0.33089080452919006,
      0.33089080452919006,
      0.33089080452919006,
      0.33089080452919006,
      0.45589080452919006,
      0.45589080452919006
   ],
   "epochs": 6,
   "df_length": 4350,
   "percentage_true_neg": 21.4,
   "batch_size": 300,
   "prediction": "' ' ' <PAD> <PAD> <PAD> <PAD> <PAD>"
}