{
   "loss": [
      7.891636371612549,
      5.319499492645264,
      4.459874153137207,
      4.179484844207764,
      3.9710941314697266,
      3.648491859436035,
      3.067315101623535,
      2.605482816696167,
      2.440896987915039,
      2.3382697105407715,
      2.269160747528076,
      2.220611333847046,
      2.1794984340667725,
      2.1426305770874023,
      2.1126139163970947,
      2.0891001224517822,
      2.0648372173309326,
      2.0419092178344727,
      2.028438091278076,
      2.0161118507385254,
      1.9987916946411133,
      1.9900716543197632,
      1.982256531715393,
      1.9723010063171387,
      1.962085247039795
   ],
   "accuracy": [
      0.3163074851036072,
      0.3327586352825165,
      0.34310343861579895,
      0.3600574731826782,
      0.4235632121562958,
      0.48642241954803467,
      0.5132184028625488,
      0.5973778963088989,
      0.6518678069114685,
      0.6791307330131531,
      0.6861350536346436,
      0.6867457032203674,
      0.6913793087005615,
      0.6940732598304749,
      0.6942169666290283,
      0.6942169666290283,
      0.6957974433898926,
      0.6956177949905396,
      0.6970546245574951,
      0.6961925029754639,
      0.6973060369491577,
      0.6980244517326355,
      0.6990301609039307,
      0.6996408104896545,
      0.6998922228813171
   ],
   "val_loss": [
      7.217550754547119,
      4.813995361328125,
      4.302191257476807,
      4.106869220733643,
      3.8768293857574463,
      3.401634931564331,
      2.760972261428833,
      2.5035572052001953,
      2.4330034255981445,
      2.3966567516326904,
      2.3549633026123047,
      2.3270316123962402,
      2.315027952194214,
      2.3101916313171387,
      2.3055789470672607,
      2.3119211196899414,
      2.3308894634246826,
      2.3398377895355225,
      2.356297731399536,
      2.3817763328552246,
      2.388690948486328,
      2.4007184505462646,
      2.4214422702789307,
      2.4283652305603027,
      2.445256471633911
   ],
   "val_accuracy": [
      0.33089080452919006,
      0.33089080452919006,
      0.33089080452919006,
      0.45589080452919006,
      0.45589080452919006,
      0.5808908343315125,
      0.4589080512523651,
      0.6846264600753784,
      0.6826149225234985,
      0.6859195232391357,
      0.6872126460075378,
      0.6928160786628723,
      0.6932471394538879,
      0.691523015499115,
      0.6923850774765015,
      0.6910919547080994,
      0.6890804767608643,
      0.692241370677948,
      0.6923850774765015,
      0.6873562932014465,
      0.6961206793785095,
      0.6929597854614258,
      0.6945402026176453,
      0.692241370677948,
      0.6908046007156372
   ],
   "epochs": 25,
   "df_length": 4350,
   "percentage_true_neg": 21.4,
   "batch_size": 300,
   "prediction": "author ' ms o ' <PAD> <PAD> <PAD>"
}