{
   "loss": [
      7.941360950469971,
      5.6329665184021
   ],
   "accuracy": [
      0.3017241358757019,
      0.3420976996421814
   ],
   "val_loss": [
      7.524821758270264,
      4.79974889755249
   ],
   "val_accuracy": [
      0.33089080452919006,
      0.33089080452919006
   ],
   "epochs": 2,
   "df_length": 4350,
   "percentage_true_neg": 21.4,
   "batch_size": 300,
   "prediction": "<PAD> <PAD> <PAD> <PAD> <PAD> <PAD> <PAD> <PAD>"
}