{
   "loss": [
      7.913269519805908,
      5.425480365753174,
      4.475086212158203
   ],
   "accuracy": [
      0.30474138259887695,
      0.33459052443504333,
      0.33814653754234314
   ],
   "val_loss": [
      7.35968017578125,
      4.837225437164307,
      4.28971529006958
   ],
   "val_accuracy": [
      0.33089080452919006,
      0.33089080452919006,
      0.33089080452919006
   ],
   "epochs": 3,
   "df_length": 4350,
   "percentage_true_neg": 21.4,
   "batch_size": 300,
   "prediction": "<PAD> <PAD> <PAD> <PAD> <PAD> <PAD> <PAD> <PAD>"
}