{
   "loss": [
      7.91461706161499,
      5.433887958526611,
      4.462252140045166,
      4.193777084350586,
      4.00321102142334
   ],
   "accuracy": [
      0.2816092073917389,
      0.3286997079849243,
      0.32428160309791565,
      0.33494970202445984,
      0.3836206793785095
   ],
   "val_loss": [
      7.364685535430908,
      4.8058552742004395,
      4.286608695983887,
      4.1279377937316895,
      3.948638916015625
   ],
   "val_accuracy": [
      0.33089080452919006,
      0.33089080452919006,
      0.33089080452919006,
      0.33089080452919006,
      0.33089080452919006
   ],
   "epochs": 5,
   "df_length": 4350,
   "percentage_true_neg": 21.4,
   "batch_size": 300,
   "prediction": "' <PAD> <PAD> <PAD> <PAD> <PAD> <PAD> <PAD>"
}