{
   "loss": [
      7.91381311416626,
      5.4323344230651855,
      4.43381404876709,
      4.160820484161377,
      3.9369821548461914,
      3.579803705215454,
      3.027954578399658,
      2.6161317825317383,
      2.443455934524536,
      2.344038486480713,
      2.276247024536133,
      2.2336413860321045,
      2.1858747005462646,
      2.15132212638855,
      2.11920166015625,
      2.0943729877471924,
      2.0694308280944824,
      2.053149938583374,
      2.033648729324341,
      2.0216064453125
   ],
   "accuracy": [
      0.3227011561393738,
      0.33530890941619873,
      0.3491738438606262,
      0.36584052443504333,
      0.45222702622413635,
      0.5029094815254211,
      0.5119612216949463,
      0.5877514481544495,
      0.6602011322975159,
      0.6754310131072998,
      0.6828304529190063,
      0.685775876045227,
      0.6898347735404968,
      0.6922773122787476,
      0.6947916746139526,
      0.6941092014312744,
      0.6953304409980774,
      0.6959051489830017,
      0.6956537365913391,
      0.6964439749717712
   ],
   "val_loss": [
      7.3645219802856445,
      4.755225658416748,
      4.26826810836792,
      4.065223693847656,
      3.8235135078430176,
      3.335421085357666,
      2.779662847518921,
      2.4973700046539307,
      2.4274532794952393,
      2.3891234397888184,
      2.3584179878234863,
      2.33323335647583,
      2.3116936683654785,
      2.302344799041748,
      2.3041350841522217,
      2.3073439598083496,
      2.3257784843444824,
      2.3342084884643555,
      2.3520267009735107,
      2.369882345199585
   ],
   "val_accuracy": [
      0.33089080452919006,
      0.45589080452919006,
      0.33089080452919006,
      0.45589080452919006,
      0.45589080452919006,
      0.45589080452919006,
      0.5808908343315125,
      0.6788793206214905,
      0.6804597973823547,
      0.6859195232391357,
      0.6875,
      0.6870689392089844,
      0.689224123954773,
      0.6908046007156372,
      0.6929597854614258,
      0.6923850774765015,
      0.6870689392089844,
      0.6893678307533264,
      0.6869252920150757,
      0.6846264600753784
   ],
   "epochs": 20,
   "df_length": 4350,
   "percentage_true_neg": 21.4,
   "batch_size": 300,
   "prediction": "author ' ms <PAD> ' <PAD> <PAD> <PAD>"
}